orcid_origin,pmid,pmc,doi,wosuid,eid,dnb,article_qnr,all_authors_qnr
0000-0003-2760-1191,27899851.0,PMC5126442,nan,nan,nan,nan,Q37448620,['Q83234445']
0000-0002-4050-6191,29146482.0,nan,10.1016/j.rec.2017.10.005,nan,nan,nan,Q47176306,
0000-0001-7526-5191,21033872.0,nan,10.1063/1.3475729,nan,nan,nan,Q82227134,"['Q57037275', 'Q82227128']"
0000-0001-7526-5191,19044531.0,nan,10.1063/1.2973326,nan,nan,nan,Q82778227,"['Q57037275', 'Q82227128']"