orcid,pmid,doi
0000-0002-3406-2942,,10.21914/anziamj.v56i0.9343
0000-0002-3406-2942,,10.1051/mmnp/2018047
0000-0002-3406-2942,,10.1017/s0004972718000527
0000-0002-3406-2942,,10.1007/s10910-017-0733-0
0000-0002-3406-2942,,10.1016/j.apm.2017.09.055
0000-0002-3406-2942,,10.21914/anziamj.v57i0.10391
0000-0003-4898-3942,,10.1016/s0924-9338(14)78799-1
0000-0003-4898-3942,,10.1016/S0924-9338(13)76565-9
0000-0003-4898-3942,,10.5433/1679-4842.2015v17n2p41
